Titulo,Link,Descricao,Termo,Texto_Completo,Sentimento
Divulgado o resultado preliminar do projeto Conexão Ciência Piauí - pi.gov.br,https://news.google.com/rss/articles/CBMikgFBVV95cUxNZVpLem5BTUVuN2JOWENVM3JrVEw4UV9Ock80NmluenR3by1ZdGtJZFRWZDluUVA2RVhNWmlzaGRYY1oyQ2JRVXI1Zk5GMzZaRWh1Z0VGOWktN3FBMFgwWTlobUdGMmFJVDNrOW1nS2M4R0xZVWc4VktNRDlQSXRqc2RVdm92eVFObGpiRVBnZWFtZw?oc=5,"<a href=""https://news.google.com/rss/articles/CBMikgFBVV95cUxNZVpLem5BTUVuN2JOWENVM3JrVEw4UV9Ock80NmluenR3by1ZdGtJZFRWZDluUVA2RVhNWmlzaGRYY1oyQ2JRVXI1Zk5GMzZaRWh1Z0VGOWktN3FBMFgwWTlobUdGMmFJVDNrOW1nS2M4R0xZVWc4VktNRDlQSXRqc2RVdm92eVFObGpiRVBnZWFtZw?oc=5"" target=""_blank"">Divulgado o resultado preliminar do projeto Conexão Ciência Piauí</a>&nbsp;&nbsp;<font color=""#6f6f6f"">pi.gov.br</font>",SIA Piauí,divulgado o resultado preliminar do projeto conexão ciência piauí pigovbr divulgado o resultado preliminar do projeto conexão ciência piauí pigovbr,Positivo
SIA e Seduc lançam chamada pública para seleção de professores bolsistas no projeto Conexão Ciência Piauí - SEDUC-PI,https://news.google.com/rss/articles/CBMi7AFBVV95cUxQV1NETTFwSVRucmxmcS16cWpQQVR0aDA4Z0Nhd3pzUE50dk9GNXVTLXF6aEU2S01CTzl2V2FIZEpfQ0tBZEUtZ2NRb1BYRzNidVBJcm82OUE4QkdmdE1Cd2Ixc05OVEt5VkVEandoaTltY0tLRTdiNEtnMFA3aEdQTi1YX0ZDOERkVlJfYzNqR051RnhDX0t6R2x5Sm9GNDY2Rk1Qb0REZzZyQzl0b3BfUmQtM1J2bUN3aFZRSHFsSk1VVk9fcGk3TkZYRERWQkJjR3lMMG4ySmx2YVBfUmVkNXhKUkRfUmxiU3lQQw?oc=5,"<a href=""https://news.google.com/rss/articles/CBMi7AFBVV95cUxQV1NETTFwSVRucmxmcS16cWpQQVR0aDA4Z0Nhd3pzUE50dk9GNXVTLXF6aEU2S01CTzl2V2FIZEpfQ0tBZEUtZ2NRb1BYRzNidVBJcm82OUE4QkdmdE1Cd2Ixc05OVEt5VkVEandoaTltY0tLRTdiNEtnMFA3aEdQTi1YX0ZDOERkVlJfYzNqR051RnhDX0t6R2x5Sm9GNDY2Rk1Qb0REZzZyQzl0b3BfUmQtM1J2bUN3aFZRSHFsSk1VVk9fcGk3TkZYRERWQkJjR3lMMG4ySmx2YVBfUmVkNXhKUkRfUmxiU3lQQw?oc=5"" target=""_blank"">SIA e Seduc lançam chamada pública para seleção de professores bolsistas no projeto Conexão Ciência Piauí</a>&nbsp;&nbsp;<font color=""#6f6f6f"">SEDUC-PI</font>",SIA Piauí,sia e seduc lançam chamada pública para seleção de professores bolsistas no projeto conexão ciência piauí seducpi sia e seduc lançam chamada pública para seleção de professores bolsistas no projeto conexão ciência piauí seducpi,Positivo
"Secretaria leva tecnologia imersiva, realidade virtual e inteligência artificial à Brazil Energy Conference - pi.gov.br",https://news.google.com/rss/articles/CBMiyAFBVV95cUxOam0zZTF4RTRhS3JLQWNKSi1iaDQ1N1BkdGgzUnQ0bXRteDBXUVhuTGQwZkNwRllpUVpUajhMZzl4UEdFb2pSYkVJRVpmSzd4T0MtUDgzUWJjZmQxWk1RalB3LVlTcDJqdTJLRC04Wlk4Um1KOUVIQWtkeHFZUEdXMl8wbVc3aXVSczRMUHJwMFlPR2VxajdFajJ5ZTVrUG9CNWh0T1IyWGRZblBsTGRUZzNXd3VJbGZ0X2ZsSVBHekNiNUZVYkFwcA?oc=5,"<a href=""https://news.google.com/rss/articles/CBMiyAFBVV95cUxOam0zZTF4RTRhS3JLQWNKSi1iaDQ1N1BkdGgzUnQ0bXRteDBXUVhuTGQwZkNwRllpUVpUajhMZzl4UEdFb2pSYkVJRVpmSzd4T0MtUDgzUWJjZmQxWk1RalB3LVlTcDJqdTJLRC04Wlk4Um1KOUVIQWtkeHFZUEdXMl8wbVc3aXVSczRMUHJwMFlPR2VxajdFajJ5ZTVrUG9CNWh0T1IyWGRZblBsTGRUZzNXd3VJbGZ0X2ZsSVBHekNiNUZVYkFwcA?oc=5"" target=""_blank"">Secretaria leva tecnologia imersiva, realidade virtual e inteligência artificial à Brazil Energy Conference</a>&nbsp;&nbsp;<font color=""#6f6f6f"">pi.gov.br</font>",SIA Piauí,secretaria leva tecnologia imersiva realidade virtual e inteligência artificial à brazil energy conference pigovbr secretaria leva tecnologia imersiva realidade virtual e inteligência artificial à brazil energy conference pigovbr,Positivo
Game sobre energia renovável desenvolvido na SIA é disponibilizado ao público - pi.gov.br,https://news.google.com/rss/articles/CBMiogFBVV95cUxOLXBhWnFUUlhjSVlBZTVTSVZhbWx0bFFPdFduUWk3Nm9yd0lHeUxwZUQ2bmRxd2xHOWpIUHFUaThYa0xYdTZSX3NnZGwzWkV0djZPdDZ5VkViWUJDMTRCV3prNm9EUnE4RFA3Z2FPamJoLXNPT3FLOVBfSklMTXhiT1h4c29IVXVRTnFpeWZMSS1mM1I4dGVkZ0g5NzlpQmEzeHc?oc=5,"<a href=""https://news.google.com/rss/articles/CBMiogFBVV95cUxOLXBhWnFUUlhjSVlBZTVTSVZhbWx0bFFPdFduUWk3Nm9yd0lHeUxwZUQ2bmRxd2xHOWpIUHFUaThYa0xYdTZSX3NnZGwzWkV0djZPdDZ5VkViWUJDMTRCV3prNm9EUnE4RFA3Z2FPamJoLXNPT3FLOVBfSklMTXhiT1h4c29IVXVRTnFpeWZMSS1mM1I4dGVkZ0g5NzlpQmEzeHc?oc=5"" target=""_blank"">Game sobre energia renovável desenvolvido na SIA é disponibilizado ao público</a>&nbsp;&nbsp;<font color=""#6f6f6f"">pi.gov.br</font>",SIA Piauí,game sobre energia renovável desenvolvido na sia é disponibilizado ao público pigovbr game sobre energia renovável desenvolvido na sia é disponibilizado ao público pigovbr,Positivo
Inscrições para 115 vagas em cursos superiores gratuitos de inteligência artificial estão abertas no Piauí - G1,https://news.google.com/rss/articles/CBMi8wFBVV95cUxPWGc4bDdEaTFxdGsxcEdraXJjVlFqQ21OUDRfNWRlYzZqb1o1RDhJZFpudE5FVEs0VnhDaGE4QkNuV1poWnFPX1pIY2ItVFJQbF9KY0pRWXBUcHVVdHZUNXZ6ZEo5NVVTX2pfZ3llTlctLTh2MjBsWEtIZVBrTmw5c3p5YzlHcXBUcTNwRTI3dzdRZHZ1VW02OVRwMHkwaHdrVFUzZjB3OXY4Z0dPMmNDd0pUZ0Q4WVc4RDVFWVRoc2ZvOGM2bnk1QlplWS1yWFUtQWhtaEVQV0pnZTl5VndldnFwUUJYS2x2N0x3Y3g3WlJVbE3SAYICQVVfeXFMUDlTX0VzRkNZSEZrNmwxbmY1SDF3UFRRbXYxaTZEZkhvYVJUa0dDRG4xTDlBTk9rNTByUTlHZEtCRktaRnJmZjc2TEliQW9QY1Z1cGk0aG9NRm1ZVGNZOE03OTNXcUNfYnFqLVA3d3NFaGRkTmxTT29Ba3BxcDdVUmxrdDFKbUNFQmNwUThQRjIyTEdwajhvT1N4T3U2ZDZpSUdlbTBqSzN0ODJxdEVzZEhLbnljZWhDOUJJNm8xbzd3VjJZVzQ5VTZXXzc4d2hYUml5WFViVmEtOUlCQ2lYcEMzYTgzMnVJa1F6VWNORXB6dWxFTlFENHdEU0lDeTlaV3pB?oc=5,"<a href=""https://news.google.com/rss/articles/CBMi8wFBVV95cUxPWGc4bDdEaTFxdGsxcEdraXJjVlFqQ21OUDRfNWRlYzZqb1o1RDhJZFpudE5FVEs0VnhDaGE4QkNuV1poWnFPX1pIY2ItVFJQbF9KY0pRWXBUcHVVdHZUNXZ6ZEo5NVVTX2pfZ3llTlctLTh2MjBsWEtIZVBrTmw5c3p5YzlHcXBUcTNwRTI3dzdRZHZ1VW02OVRwMHkwaHdrVFUzZjB3OXY4Z0dPMmNDd0pUZ0Q4WVc4RDVFWVRoc2ZvOGM2bnk1QlplWS1yWFUtQWhtaEVQV0pnZTl5VndldnFwUUJYS2x2N0x3Y3g3WlJVbE3SAYICQVVfeXFMUDlTX0VzRkNZSEZrNmwxbmY1SDF3UFRRbXYxaTZEZkhvYVJUa0dDRG4xTDlBTk9rNTByUTlHZEtCRktaRnJmZjc2TEliQW9QY1Z1cGk0aG9NRm1ZVGNZOE03OTNXcUNfYnFqLVA3d3NFaGRkTmxTT29Ba3BxcDdVUmxrdDFKbUNFQmNwUThQRjIyTEdwajhvT1N4T3U2ZDZpSUdlbTBqSzN0ODJxdEVzZEhLbnljZWhDOUJJNm8xbzd3VjJZVzQ5VTZXXzc4d2hYUml5WFViVmEtOUlCQ2lYcEMzYTgzMnVJa1F6VWNORXB6dWxFTlFENHdEU0lDeTlaV3pB?oc=5"" target=""_blank"">Inscrições para 115 vagas em cursos superiores gratuitos de inteligência artificial estão abertas no Piauí</a>&nbsp;&nbsp;<font color=""#6f6f6f"">G1</font>",Inteligência Artificial Piauí,inscrições para 115 vagas em cursos superiores gratuitos de inteligência artificial estão abertas no piauí g1 inscrições para 115 vagas em cursos superiores gratuitos de inteligência artificial estão abertas no piauí g1,Neutro
Inteligência Artificial (IA) na educação pública do Piauí - Fundação Telefônica Vivo,https://news.google.com/rss/articles/CBMijwFBVV95cUxPN0NHeEJOREVkTTJCUFNTbEZCU0lTRU5DZkxGaXNkWXRTWjhBVDZrV09TR09NSkZ5NWVRNko1UTNMazBBVlQ3bnp6Y0ktZnUxc1N5SWhjbVJ0WFRpbnctU0lHZDQwRkRoalB5RGlpc2xUZ1RrOVY1R0FNV2ZQZ0haVXZ6SkJvMlJ4TGRfOEtRYw?oc=5,"<a href=""https://news.google.com/rss/articles/CBMijwFBVV95cUxPN0NHeEJOREVkTTJCUFNTbEZCU0lTRU5DZkxGaXNkWXRTWjhBVDZrV09TR09NSkZ5NWVRNko1UTNMazBBVlQ3bnp6Y0ktZnUxc1N5SWhjbVJ0WFRpbnctU0lHZDQwRkRoalB5RGlpc2xUZ1RrOVY1R0FNV2ZQZ0haVXZ6SkJvMlJ4TGRfOEtRYw?oc=5"" target=""_blank"">Inteligência Artificial (IA) na educação pública do Piauí</a>&nbsp;&nbsp;<font color=""#6f6f6f"">Fundação Telefônica Vivo</font>",Inteligência Artificial Piauí,inteligência artificial ia na educação pública do piauí fundação telefônica vivo inteligência artificial ia na educação pública do piauí fundação telefônica vivo,Positivo
Pactos pelo Piauí: Governo aposta em IA para modernizar prefeituras - pi.gov.br,https://news.google.com/rss/articles/CBMikwFBVV95cUxNMWJoOTBHWUFxRWQ5dFN1eWhCcnV6R2E3YlBrLXExSS1MR1lUdlE1SzhfRG93REpXZE9tRHBtenFjMkJPeGpTNE5icDBuU2NxblZRZHFINEoya3Z2dE5NXzRvTW5GcF95eHIyQ1hFQ0t0d05oc2ZpNTR2YllndHpuQmVUWC1OZ1VyaTNNYkwwSDBZd0U?oc=5,"<a href=""https://news.google.com/rss/articles/CBMikwFBVV95cUxNMWJoOTBHWUFxRWQ5dFN1eWhCcnV6R2E3YlBrLXExSS1MR1lUdlE1SzhfRG93REpXZE9tRHBtenFjMkJPeGpTNE5icDBuU2NxblZRZHFINEoya3Z2dE5NXzRvTW5GcF95eHIyQ1hFQ0t0d05oc2ZpNTR2YllndHpuQmVUWC1OZ1VyaTNNYkwwSDBZd0U?oc=5"" target=""_blank"">Pactos pelo Piauí: Governo aposta em IA para modernizar prefeituras</a>&nbsp;&nbsp;<font color=""#6f6f6f"">pi.gov.br</font>",SIA Piauí,pactos pelo piauí governo aposta em ia para modernizar prefeituras pigovbr pactos pelo piauí governo aposta em ia para modernizar prefeituras pigovbr,Neutro
Governo divulga resultado final de chamada pública do Conexão Ciência Piauí - pi.gov.br,https://news.google.com/rss/articles/CBMiogFBVV95cUxPeXozUHRYOG9rc3pnTGs3UWNraGtjVy1ISG0teFhsMVBkdVFtSzNxYnpBNkZyaTl6MUJxLTJIN0tXak9pOFZnS3VRZUVvZEtnME8xUW1ybFNXS3pWMHFiOGJxdlFMUE9nRHY4OUYzLUExV0RBUmRyV2ZWXzhkNGtkdXJyeDhxNEZoVVhIWDBMay16LUFqOGExZXpibEJlUGdTT3c?oc=5,"<a href=""https://news.google.com/rss/articles/CBMiogFBVV95cUxPeXozUHRYOG9rc3pnTGs3UWNraGtjVy1ISG0teFhsMVBkdVFtSzNxYnpBNkZyaTl6MUJxLTJIN0tXak9pOFZnS3VRZUVvZEtnME8xUW1ybFNXS3pWMHFiOGJxdlFMUE9nRHY4OUYzLUExV0RBUmRyV2ZWXzhkNGtkdXJyeDhxNEZoVVhIWDBMay16LUFqOGExZXpibEJlUGdTT3c?oc=5"" target=""_blank"">Governo divulga resultado final de chamada pública do Conexão Ciência Piauí</a>&nbsp;&nbsp;<font color=""#6f6f6f"">pi.gov.br</font>",SIA Piauí,governo divulga resultado final de chamada pública do conexão ciência piauí pigovbr governo divulga resultado final de chamada pública do conexão ciência piauí pigovbr,Positivo
Piauí lança Sistema de Videomonitoramento Urbano com Inteligência Artificial e inaugura Centro Integrado de Comando e Controle neste sábado (16) - pi.gov.br,https://news.google.com/rss/articles/CBMi-AFBVV95cUxQWDRwSnBkdHMyc1l1all5b3h3dm4zcUxWSmIxYVRUazJLNy1LUHM0UUFrRXpnc25iaWtMRWtjOW9NeklWTTNEdUp1c1NpaEVGVWZqd2RqZDk1R0tDX2Z2Y2dOLW01VFB2ZWY2Vk5Pd0RlVEJOVDZQcHU3R253SWJ0aV9QSW5pMjhTTnpKYTRTcm1lOWtlQ2ZLR0N3eVpKQ0lxbndWTUlxSlRUTVZ3dGVLRzJyc2lybDlZb1lZaEhoemtjanRuWHRxb2F5MUhwMnl0RjZyVFZzWXdMUzRlT3l4dnpzczVVTW5oa0RWYkdLYlJNdmg1VTI4Mw?oc=5,"<a href=""https://news.google.com/rss/articles/CBMi-AFBVV95cUxQWDRwSnBkdHMyc1l1all5b3h3dm4zcUxWSmIxYVRUazJLNy1LUHM0UUFrRXpnc25iaWtMRWtjOW9NeklWTTNEdUp1c1NpaEVGVWZqd2RqZDk1R0tDX2Z2Y2dOLW01VFB2ZWY2Vk5Pd0RlVEJOVDZQcHU3R253SWJ0aV9QSW5pMjhTTnpKYTRTcm1lOWtlQ2ZLR0N3eVpKQ0lxbndWTUlxSlRUTVZ3dGVLRzJyc2lybDlZb1lZaEhoemtjanRuWHRxb2F5MUhwMnl0RjZyVFZzWXdMUzRlT3l4dnpzczVVTW5oa0RWYkdLYlJNdmg1VTI4Mw?oc=5"" target=""_blank"">Piauí lança Sistema de Videomonitoramento Urbano com Inteligência Artificial e inaugura Centro Integrado de Comando e Controle neste sábado (16)</a>&nbsp;&nbsp;<font color=""#6f6f6f"">pi.gov.br</font>",Inteligência Artificial Piauí,piauí lança sistema de videomonitoramento urbano com inteligência artificial e inaugura centro integrado de comando e controle neste sábado 16 pigovbr piauí lança sistema de videomonitoramento urbano com inteligência artificial e inaugura centro integrado de comando e controle neste sábado 16 pigovbr,Neutro
"Feito no Piauí, projeto de IA com base de dados em português é apresentado ao Governo - Agência Gov",https://news.google.com/rss/articles/CBMitgFBVV95cUxNSTFXQy1BR1ZtM1ZPQi1rU19rekhrUDRRNEZoSEVROEgzMDhSMXdCMklsd25MNFQ2TkxJb3pNRmN5NlZrb0ZEU09zUDJjRGdWVS1UVGMxZUQyNWFLcktFMlBpVGYtai1mUTBSTnZVNXZCUU1oMENjemhnOGVIaERVTFVTZEx3YXNUQ2Q3VWFRQWFxQ2h0VE1PeDhER243ejVkLUU0MTJTbmlXSXFRc2ZoSXBzTFJxZw?oc=5,"<a href=""https://news.google.com/rss/articles/CBMitgFBVV95cUxNSTFXQy1BR1ZtM1ZPQi1rU19rekhrUDRRNEZoSEVROEgzMDhSMXdCMklsd25MNFQ2TkxJb3pNRmN5NlZrb0ZEU09zUDJjRGdWVS1UVGMxZUQyNWFLcktFMlBpVGYtai1mUTBSTnZVNXZCUU1oMENjemhnOGVIaERVTFVTZEx3YXNUQ2Q3VWFRQWFxQ2h0VE1PeDhER243ejVkLUU0MTJTbmlXSXFRc2ZoSXBzTFJxZw?oc=5"" target=""_blank"">Feito no Piauí, projeto de IA com base de dados em português é apresentado ao Governo</a>&nbsp;&nbsp;<font color=""#6f6f6f"">Agência Gov</font>",Inteligência Artificial Piauí,feito no piauí projeto de ia com base de dados em português é apresentado ao governo agência gov feito no piauí projeto de ia com base de dados em português é apresentado ao governo agência gov,Positivo
"Governo do Piauí lança SoberanIA, primeira plataforma de Inteligência Artificial 100% em português - Assembleia Legislativa do Piauí",https://news.google.com/rss/articles/CBMi1AFBVV95cUxOMVFReWwwbDg5R2JUZnFBQURTbEdMR2hGdk12QU5MXzFQdkhucEpnOGliVUduSENDVUFVTFZYX2F3Vk1BLUpjQWZuaTNZWGpoc25nZ2RseWJ1R1NFVmdFcWVtcGN1OHo4LVIxV2xvbFVMTm9US2t3SVYxRy0zMDFPOVhRNUctZlNENG9OZ3R0RWgtU09MUlhaTFpkdFRkYVM2ZlRZV2dUeGtEYTIzbTQ5SDcwSjNkaks0X0ZYV3ZPd0xPUmY1dEwyckNnVVdlMTgzbjQ1MA?oc=5,"<a href=""https://news.google.com/rss/articles/CBMi1AFBVV95cUxOMVFReWwwbDg5R2JUZnFBQURTbEdMR2hGdk12QU5MXzFQdkhucEpnOGliVUduSENDVUFVTFZYX2F3Vk1BLUpjQWZuaTNZWGpoc25nZ2RseWJ1R1NFVmdFcWVtcGN1OHo4LVIxV2xvbFVMTm9US2t3SVYxRy0zMDFPOVhRNUctZlNENG9OZ3R0RWgtU09MUlhaTFpkdFRkYVM2ZlRZV2dUeGtEYTIzbTQ5SDcwSjNkaks0X0ZYV3ZPd0xPUmY1dEwyckNnVVdlMTgzbjQ1MA?oc=5"" target=""_blank"">Governo do Piauí lança SoberanIA, primeira plataforma de Inteligência Artificial 100% em português</a>&nbsp;&nbsp;<font color=""#6f6f6f"">Assembleia Legislativa do Piauí</font>",Inteligência Artificial Piauí,governo do piauí lança soberania primeira plataforma de inteligência artificial 100 em português assembleia legislativa do piauí governo do piauí lança soberania primeira plataforma de inteligência artificial 100 em português assembleia legislativa do piauí,Neutro
SIA Talks promove discussão sobre regulamentação da Inteligência Artificial no Brasil e no mundo - pi.gov.br,https://news.google.com/rss/articles/CBMiuwFBVV95cUxQNkJXMVVKNW5JcDdBNDBGYUg4UXM4aHpfcl9rWVJTbHI2NFVmWjVkcXVnZGtQM3ZSaDN2U0Y3RjExNHBuWkNDQUllWWlaUURsNTlBYjJpVzh5TUtBc2htamxiNjJ4TWc5M0ZMWHJidGJqVmtteGVneHRJeTh2bHJiN2dSRWotZ214TDc3bGE0bkRqbFh2aDh2QXYwemh5RFllM2FlZk1rUlNucG91TWhpaUYyMGZncU1oMWhr?oc=5,"<a href=""https://news.google.com/rss/articles/CBMiuwFBVV95cUxQNkJXMVVKNW5JcDdBNDBGYUg4UXM4aHpfcl9rWVJTbHI2NFVmWjVkcXVnZGtQM3ZSaDN2U0Y3RjExNHBuWkNDQUllWWlaUURsNTlBYjJpVzh5TUtBc2htamxiNjJ4TWc5M0ZMWHJidGJqVmtteGVneHRJeTh2bHJiN2dSRWotZ214TDc3bGE0bkRqbFh2aDh2QXYwemh5RFllM2FlZk1rUlNucG91TWhpaUYyMGZncU1oMWhr?oc=5"" target=""_blank"">SIA Talks promove discussão sobre regulamentação da Inteligência Artificial no Brasil e no mundo</a>&nbsp;&nbsp;<font color=""#6f6f6f"">pi.gov.br</font>",SIA Piauí,sia talks promove discussão sobre regulamentação da inteligência artificial no brasil e no mundo pigovbr sia talks promove discussão sobre regulamentação da inteligência artificial no brasil e no mundo pigovbr,Neutro
Piauí ocupa 2ª posição em ranking nacional no uso de Inteligência Artificial - Cidadesnanet.com,https://news.google.com/rss/articles/CBMiswFBVV95cUxNV1lfQ05JMEVXeGdCaW9XQ2xvYXZCeEk1UHl3elhrQ0t3VENjazdXT3BzTTF2WkZaRjhXVmlyS2ZoSmpDLUxNeVo1RE53aHF0bjV4eW41T3FSQm9wRXRWQnE5WngxY0VYNjhJRmJzV1lWU2N3NjFvd3RKbV95UUJiaTY0bng5SFM3eV9mSVgtNFl0Y3UxNTY3YlJKSUt5eXJmVWNiZDd5bmZOM2hZXzljc2l0NNIBuwFBVV95cUxOanJ2TUVZbGpoYjNZdEhRdEtfMElmMVF4eHk2NERVemRWMmlROUk3WTE1MXZaOVQ2TkpFd09uLXBNd2d6MWpxMWxBMWhrazBIYlIyVkhmaVYwYXNvWnlCblFVX1E1cG8tTW5VYmJSRk1qR04wWWZzZml5cUJKTGo0dEJZRzZLZkNrNjg2eUJ3bzhUTWRBbDJTem9JYUZaZm1kdHVmVGVPVTFSdUw1akM4TVJpbFJDNU9VeEZz?oc=5,"<a href=""https://news.google.com/rss/articles/CBMiswFBVV95cUxNV1lfQ05JMEVXeGdCaW9XQ2xvYXZCeEk1UHl3elhrQ0t3VENjazdXT3BzTTF2WkZaRjhXVmlyS2ZoSmpDLUxNeVo1RE53aHF0bjV4eW41T3FSQm9wRXRWQnE5WngxY0VYNjhJRmJzV1lWU2N3NjFvd3RKbV95UUJiaTY0bng5SFM3eV9mSVgtNFl0Y3UxNTY3YlJKSUt5eXJmVWNiZDd5bmZOM2hZXzljc2l0NNIBuwFBVV95cUxOanJ2TUVZbGpoYjNZdEhRdEtfMElmMVF4eHk2NERVemRWMmlROUk3WTE1MXZaOVQ2TkpFd09uLXBNd2d6MWpxMWxBMWhrazBIYlIyVkhmaVYwYXNvWnlCblFVX1E1cG8tTW5VYmJSRk1qR04wWWZzZml5cUJKTGo0dEJZRzZLZkNrNjg2eUJ3bzhUTWRBbDJTem9JYUZaZm1kdHVmVGVPVTFSdUw1akM4TVJpbFJDNU9VeEZz?oc=5"" target=""_blank"">Piauí ocupa 2ª posição em ranking nacional no uso de Inteligência Artificial</a>&nbsp;&nbsp;<font color=""#6f6f6f"">Cidadesnanet.com</font>",Inteligência Artificial Piauí,piauí ocupa 2 posição em ranking nacional no uso de inteligência artificial cidadesnanetcom piauí ocupa 2 posição em ranking nacional no uso de inteligência artificial cidadesnanetcom,Neutro
MPPI e Secretaria Estadual de Inteligência Artificial fortalecem parceria para inovação - Ministério Público do Estado do Piauí,https://news.google.com/rss/articles/CBMixwFBVV95cUxPVkdrTjNEY0ZWNXFhUkV1RG83NnBLZXQ3LUpmM2h3ZHBPVjJSRHpGMGFBaEZCTGZkX3VRTWRsY2NTWTBUSVZHYm1keWtORkNhcWZCUk5zZjZId21SSHdpbWZqTlhXaXhDNkdwQnJ1NHdFTVdoaHAxMWNVMUFZT3BfQWlWMGZCY1o5Z29ZdFRJOUE4UkJqY3VVNWNqRC05Ymp2ZWRnd3M3d3RfSDJoeG1VMVEzUmh5Z1VYSHRNRmtTU21TeEUtTHhB?oc=5,"<a href=""https://news.google.com/rss/articles/CBMixwFBVV95cUxPVkdrTjNEY0ZWNXFhUkV1RG83NnBLZXQ3LUpmM2h3ZHBPVjJSRHpGMGFBaEZCTGZkX3VRTWRsY2NTWTBUSVZHYm1keWtORkNhcWZCUk5zZjZId21SSHdpbWZqTlhXaXhDNkdwQnJ1NHdFTVdoaHAxMWNVMUFZT3BfQWlWMGZCY1o5Z29ZdFRJOUE4UkJqY3VVNWNqRC05Ymp2ZWRnd3M3d3RfSDJoeG1VMVEzUmh5Z1VYSHRNRmtTU21TeEUtTHhB?oc=5"" target=""_blank"">MPPI e Secretaria Estadual de Inteligência Artificial fortalecem parceria para inovação</a>&nbsp;&nbsp;<font color=""#6f6f6f"">Ministério Público do Estado do Piauí</font>",Inteligência Artificial Piauí,mppi e secretaria estadual de inteligência artificial fortalecem parceria para inovação ministério público do estado do piauí mppi e secretaria estadual de inteligência artificial fortalecem parceria para inovação ministério público do estado do piauí,Positivo
Contatos SEDUC - SEDUC-PI,https://news.google.com/rss/articles/CBMiwgFBVV95cUxQbWg5WXhzQ2RRbkFzYjhHMndLSE5scHF6ZFFNYldncXFPR1NnRGZXYUhfWF81SWRuYWJaaEVjdmJKN1hOaGEwa1lYM1FTeXEtVTdOa1MxRGZlQThwSGtMVkNvUzFEX0hNTWpTdWFUaUdMTjRxYzZxNjAtUXAxR3N2eUxRQ2N1M3NEQUN3aEppWnJxX2ZWN1Fhc0JtcjEtanBSN1Etd3RlN2xKNGxaWWRoTk5tYjl5Mi1XbmFYT1d4UUx2UQ?oc=5,"<a href=""https://news.google.com/rss/articles/CBMiwgFBVV95cUxQbWg5WXhzQ2RRbkFzYjhHMndLSE5scHF6ZFFNYldncXFPR1NnRGZXYUhfWF81SWRuYWJaaEVjdmJKN1hOaGEwa1lYM1FTeXEtVTdOa1MxRGZlQThwSGtMVkNvUzFEX0hNTWpTdWFUaUdMTjRxYzZxNjAtUXAxR3N2eUxRQ2N1M3NEQUN3aEppWnJxX2ZWN1Fhc0JtcjEtanBSN1Etd3RlN2xKNGxaWWRoTk5tYjl5Mi1XbmFYT1d4UUx2UQ?oc=5"" target=""_blank"">Contatos SEDUC</a>&nbsp;&nbsp;<font color=""#6f6f6f"">SEDUC-PI</font>",Inteligência Artificial Piauí,contatos seduc seducpi contatos seduc seducpi,Neutro
Conexão Ciência: termina nesta sexta (18) o prazo para inscrição de professores - pi.gov.br,https://news.google.com/rss/articles/CBMioAFBVV95cUxPRGh6TTlYVnpQeDJjbWlHdjFTeU5abGpHZUx0X1V6MDhHY1c5d3UzeFN3djBVRTFJS1dyUFE3S1pFVFZ1ZkYtSk9jeWw5andaeVRpRkJpVEVSdWlZQjhnZGdEVkFCSVhuRHotbUIzMnVldDdlZnlxN010Y29BU0lYQ3VheklPdzFVbkwwQUpsa2ZQX3hmT2dWakZwMmlBQVhj?oc=5,"<a href=""https://news.google.com/rss/articles/CBMioAFBVV95cUxPRGh6TTlYVnpQeDJjbWlHdjFTeU5abGpHZUx0X1V6MDhHY1c5d3UzeFN3djBVRTFJS1dyUFE3S1pFVFZ1ZkYtSk9jeWw5andaeVRpRkJpVEVSdWlZQjhnZGdEVkFCSVhuRHotbUIzMnVldDdlZnlxN010Y29BU0lYQ3VheklPdzFVbkwwQUpsa2ZQX3hmT2dWakZwMmlBQVhj?oc=5"" target=""_blank"">Conexão Ciência: termina nesta sexta (18) o prazo para inscrição de professores</a>&nbsp;&nbsp;<font color=""#6f6f6f"">pi.gov.br</font>",SIA Piauí,conexão ciência termina nesta sexta 18 o prazo para inscrição de professores pigovbr conexão ciência termina nesta sexta 18 o prazo para inscrição de professores pigovbr,Positivo
"Rafael Fonteles lança nesta quarta (25) a SoberanIA, IA em português elaborada no Piauí - pi.gov.br",https://news.google.com/rss/articles/CBMiqwFBVV95cUxOVmYzdDNMUE54SWQ1QzRtZG5abG1yRkd4UGtaVGxvZHN6S01NVG9fakwwTzYwNHhOU2dZZ2RjQkJER1h4OU0tZDU0TjNWSW83WUM2VVhGNkVYQS1MTGY0ckxiQTZNVlprQTdTT1I2ejlGclpLNGJndDdLbklVLXJuSFpSZ1A0VEJTeXctNnpJRXJDamdmUm82aVcxUFhLR3FCdFR1SGZMZFQ3cjQ?oc=5,"<a href=""https://news.google.com/rss/articles/CBMiqwFBVV95cUxOVmYzdDNMUE54SWQ1QzRtZG5abG1yRkd4UGtaVGxvZHN6S01NVG9fakwwTzYwNHhOU2dZZ2RjQkJER1h4OU0tZDU0TjNWSW83WUM2VVhGNkVYQS1MTGY0ckxiQTZNVlprQTdTT1I2ejlGclpLNGJndDdLbklVLXJuSFpSZ1A0VEJTeXctNnpJRXJDamdmUm82aVcxUFhLR3FCdFR1SGZMZFQ3cjQ?oc=5"" target=""_blank"">Rafael Fonteles lança nesta quarta (25) a SoberanIA, IA em português elaborada no Piauí</a>&nbsp;&nbsp;<font color=""#6f6f6f"">pi.gov.br</font>",Inteligência Artificial Piauí,rafael fonteles lança nesta quarta 25 a soberania ia em português elaborada no piauí pigovbr rafael fonteles lança nesta quarta 25 a soberania ia em português elaborada no piauí pigovbr,Neutro
Parem as máquinas! A IA tem uma reportagem urgente - Revista Piauí,https://news.google.com/rss/articles/CBMiiAFBVV95cUxQTTU1cFBrV1I0N1NUckdOSXAtZGl3Nm95anc3V2hTak9TSlY3MTZDYWZYdnh4TlA4OU43LTFCdlpPYzZkU1NTTkNXdDdXaG43SVJtU0FjNi1XcHdKWGM4WkVHRnNMV2FIMTk1Zjc5OG1MZlNEaDl1OGdOOExJaWVfUG5WZkx4Tm1z0gGOAUFVX3lxTE9YVVJNOTU1RC1ubUdBODZNMkFzX0tzemM1WWNLTHRYVzRIM1ozb3FjOEV2R25JZWp5bUFya1dLdFN2S1lqUUtzakRHdWdsNk9SZm9kSTA2OXQ0XzZnWE9wYVJXYWR3UHBGMnRoanlSRDNmNmtGeXJSbEZmVlZRbW5zQklRSWFEdzMxR2dLdEE?oc=5,"<a href=""https://news.google.com/rss/articles/CBMiiAFBVV95cUxQTTU1cFBrV1I0N1NUckdOSXAtZGl3Nm95anc3V2hTak9TSlY3MTZDYWZYdnh4TlA4OU43LTFCdlpPYzZkU1NTTkNXdDdXaG43SVJtU0FjNi1XcHdKWGM4WkVHRnNMV2FIMTk1Zjc5OG1MZlNEaDl1OGdOOExJaWVfUG5WZkx4Tm1z0gGOAUFVX3lxTE9YVVJNOTU1RC1ubUdBODZNMkFzX0tzemM1WWNLTHRYVzRIM1ozb3FjOEV2R25JZWp5bUFya1dLdFN2S1lqUUtzakRHdWdsNk9SZm9kSTA2OXQ0XzZnWE9wYVJXYWR3UHBGMnRoanlSRDNmNmtGeXJSbEZmVlZRbW5zQklRSWFEdzMxR2dLdEE?oc=5"" target=""_blank"">Parem as máquinas! A IA tem uma reportagem urgente</a>&nbsp;&nbsp;<font color=""#6f6f6f"">Revista Piauí</font>",Inteligência Artificial Piauí,parem as máquinas a ia tem uma reportagem urgente revista piauí parem as máquinas a ia tem uma reportagem urgente revista piauí,Neutro
Seminário Estadual de Contratações Públicas para Inovação reforça modernização da gestão no Piauí - pi.gov.br,https://news.google.com/rss/articles/CBMivAFBVV95cUxPRFRXcFk4MzBHT0NlSndNSmw3ZDlsdlVCYUlUSEJ2Vm5iVy1mQUJielU5eTFTSHRKRmdEb0tuT1lUN2dON3RBazNjOG9jU3JTcWFKNW8wQmdTdUk1cHI0X3c5ZTRFZENhMGVUR0szeXhtZmpsZ2t3aDZYN1JYYzEzajE1bDIwU1BLaVNGeGJnWU9hd2FsS1pBbE8xdlN1ZWh1X3d2QktlOVM4ZDFsQ2h4TThwWFBPYnBZb2k1VA?oc=5,"<a href=""https://news.google.com/rss/articles/CBMivAFBVV95cUxPRFRXcFk4MzBHT0NlSndNSmw3ZDlsdlVCYUlUSEJ2Vm5iVy1mQUJielU5eTFTSHRKRmdEb0tuT1lUN2dON3RBazNjOG9jU3JTcWFKNW8wQmdTdUk1cHI0X3c5ZTRFZENhMGVUR0szeXhtZmpsZ2t3aDZYN1JYYzEzajE1bDIwU1BLaVNGeGJnWU9hd2FsS1pBbE8xdlN1ZWh1X3d2QktlOVM4ZDFsQ2h4TThwWFBPYnBZb2k1VA?oc=5"" target=""_blank"">Seminário Estadual de Contratações Públicas para Inovação reforça modernização da gestão no Piauí</a>&nbsp;&nbsp;<font color=""#6f6f6f"">pi.gov.br</font>",SIA Piauí,seminário estadual de contratações públicas para inovação reforça modernização da gestão no piauí pigovbr seminário estadual de contratações públicas para inovação reforça modernização da gestão no piauí pigovbr,Positivo
Governo do Piauí apresenta projeto de IA com base de dados em português - GOV.BR,https://news.google.com/rss/articles/CBMi0AFBVV95cUxOWXJqcm1IUDFjSzhtcHFxX1BQbTJVN3BQOGM2Zk1SNGthczlpSDk3V0txN0t5cFJ0dWdEbjNkNG5Zbm1zcEdOZjllLXZ2dmdvLXpGOVBjQldpNWhRWW82V1ZuMUJrbEVaZGRVclVYMUNicm96SDhlNWkyZ1F1QlNRNHVjLXBWZGxZajFGQXNyVGlXbW1VM21BRUNiQzV5SVZTLV9QYWp0NDZSYmFjdGVldllvVU5TY3RjcXhzWHF1SGRsTFNWTk1SbkhvUlU4NHk4?oc=5,"<a href=""https://news.google.com/rss/articles/CBMi0AFBVV95cUxOWXJqcm1IUDFjSzhtcHFxX1BQbTJVN3BQOGM2Zk1SNGthczlpSDk3V0txN0t5cFJ0dWdEbjNkNG5Zbm1zcEdOZjllLXZ2dmdvLXpGOVBjQldpNWhRWW82V1ZuMUJrbEVaZGRVclVYMUNicm96SDhlNWkyZ1F1QlNRNHVjLXBWZGxZajFGQXNyVGlXbW1VM21BRUNiQzV5SVZTLV9QYWp0NDZSYmFjdGVldllvVU5TY3RjcXhzWHF1SGRsTFNWTk1SbkhvUlU4NHk4?oc=5"" target=""_blank"">Governo do Piauí apresenta projeto de IA com base de dados em português</a>&nbsp;&nbsp;<font color=""#6f6f6f"">GOV.BR</font>",Inteligência Artificial Piauí,governo do piauí apresenta projeto de ia com base de dados em português govbr governo do piauí apresenta projeto de ia com base de dados em português govbr,Positivo
